Workbook

Sheet Inputs
A1: Slip-Cast Gemshorn Parametric Design Table
A2: Generated | B2: 2026-05-02
A3: Parameter | B3: Value | C3: Units | D3: Notes
A4: A4 frequency | B4: 440 | C4: Hz | D4: Equal temperament reference
A5: Base MIDI | B5: 72 | C5: MIDI | D5: C5 soprano baseline
A6: Base frequency | B6: =B4*POWER(2,(B5-69)/12) | C6: Hz | D6: Should equal 523.251 Hz
A7: Speed of sound | B7: 13549 | C7: in/s | D7: Approx 68 F
A8: Shrinkage | B8: 0.12 | C8: linear fraction | D8: Replace with fired test-bar value
A9: Base centerline length | B9: 9.25 | C9: in | D9: Fired soprano C
A10: Base wide OD | B10: 1.55 | C10: in | D10: Fired soprano C
A11: Base tip OD | B11: 0.36 | C11: in | D11: Fired soprano C
A12: Base wall | B12: 0.13 | C12: in | D12: Fired soprano C
A13: Base window width | B13: 0.43 | C13: in | D13: Fired soprano C
A14: Base window height | B14: 0.14 | C14: in | D14: Fired soprano C

Sheet Family
A1: ID | B1: Name | C1: Key | D1: MIDI | E1: Frequency Hz | F1: Scale | G1: Fired length in | H1: Master length in | I1: Fired wide OD in | J1: Fired wall in | K1: Fired wide ID in | L1: Volume in3 | M1: Volume ml | N1: Window W in | O1: Window H in
A2: GEM-SC-F3 | B2: Bass F | C2: F3 | D2: 53 | E2: =Inputs!$B$4*POWER(2,(D2-69)/12) | F2: =Inputs!$B$6/E2 | G2: =Inputs!$B$9*F2 | H2: =G2/(1-Inputs!$B$8) | I2: =Inputs!$B$10*F2 | J2: =MAX(0.11,MIN(0.24,Inputs!$B$12*POWER(F2,0.65))) | K2: =I2-2*J2 | L2: =PI()*G2/3*((K2/2)^2+(K2/2)*(MAX(0.03,Inputs!$B$11*F2-2*J2)/2)+(MAX(0.03,Inputs!$B$11*F2-2*J2)/2)^2) | M2: =L2*16.387064 | N2: =Inputs!$B$13*F2 | O2: =Inputs!$B$14*F2
A3: GEM-SC-C4 | B3: Tenor C | C3: C4 | D3: 60 | E3: =Inputs!$B$4*POWER(2,(D3-69)/12) | F3: =Inputs!$B$6/E3 | G3: =Inputs!$B$9*F3 | H3: =G3/(1-Inputs!$B$8) | I3: =Inputs!$B$10*F3 | J3: =MAX(0.11,MIN(0.24,Inputs!$B$12*POWER(F3,0.65))) | K3: =I3-2*J3 | L3: =PI()*G3/3*((K3/2)^2+(K3/2)*(MAX(0.03,Inputs!$B$11*F3-2*J3)/2)+(MAX(0.03,Inputs!$B$11*F3-2*J3)/2)^2) | M3: =L3*16.387064 | N3: =Inputs!$B$13*F3 | O3: =Inputs!$B$14*F3
A4: GEM-SC-F4 | B4: Alto F | C4: F4 | D4: 65 | E4: =Inputs!$B$4*POWER(2,(D4-69)/12) | F4: =Inputs!$B$6/E4 | G4: =Inputs!$B$9*F4 | H4: =G4/(1-Inputs!$B$8) | I4: =Inputs!$B$10*F4 | J4: =MAX(0.11,MIN(0.24,Inputs!$B$12*POWER(F4,0.65))) | K4: =I4-2*J4 | L4: =PI()*G4/3*((K4/2)^2+(K4/2)*(MAX(0.03,Inputs!$B$11*F4-2*J4)/2)+(MAX(0.03,Inputs!$B$11*F4-2*J4)/2)^2) | M4: =L4*16.387064 | N4: =Inputs!$B$13*F4 | O4: =Inputs!$B$14*F4
A5: GEM-SC-C5 | B5: Soprano C | C5: C5 | D5: 72 | E5: =Inputs!$B$4*POWER(2,(D5-69)/12) | F5: =Inputs!$B$6/E5 | G5: =Inputs!$B$9*F5 | H5: =G5/(1-Inputs!$B$8) | I5: =Inputs!$B$10*F5 | J5: =MAX(0.11,MIN(0.24,Inputs!$B$12*POWER(F5,0.65))) | K5: =I5-2*J5 | L5: =PI()*G5/3*((K5/2)^2+(K5/2)*(MAX(0.03,Inputs!$B$11*F5-2*J5)/2)+(MAX(0.03,Inputs!$B$11*F5-2*J5)/2)^2) | M5: =L5*16.387064 | N5: =Inputs!$B$13*F5 | O5: =Inputs!$B$14*F5
A6: GEM-SC-F5 | B6: Sopranino F | C6: F5 | D6: 77 | E6: =Inputs!$B$4*POWER(2,(D6-69)/12) | F6: =Inputs!$B$6/E6 | G6: =Inputs!$B$9*F6 | H6: =G6/(1-Inputs!$B$8) | I6: =Inputs!$B$10*F6 | J6: =MAX(0.11,MIN(0.24,Inputs!$B$12*POWER(F6,0.65))) | K6: =I6-2*J6 | L6: =PI()*G6/3*((K6/2)^2+(K6/2)*(MAX(0.03,Inputs!$B$11*F6-2*J6)/2)+(MAX(0.03,Inputs!$B$11*F6-2*J6)/2)^2) | M6: =L6*16.387064 | N6: =Inputs!$B$13*F6 | O6: =Inputs!$B$14*F6

Sheet Hole Schedule
A1: Instrument ID | B1: Hole | C1: Face | D1: Target interval semitones | E1: Prev interval | F1: Position pct | G1: Fired position in | H1: Master position in | I1: Fired diameter in | J1: Greenware drill start in | K1: Incremental conductance | L1: Notes
A2: GEM-SC-F3 | B2: H1 | C2: front distal | D2: 2 | E2: 0 | F2: 0.479 | G2: 13.277248 | H2: 15.087782 | I2: 0.34086506 | J2: 0.38734666 | K2: 0.2371065 | L2: open first for scale degree 2
A3: GEM-SC-F3 | B3: H2 | C3: front | D3: 4 | E3: 2 | F3: 0.424 | G3: 11.752721 | H3: 13.355364 | I3: 0.39358848 | J3: 0.44725964 | K3: 0.29873546 | L3: open second for scale degree 3
A4: GEM-SC-F3 | B4: H3 | C4: front | D4: 5 | E4: 4 | F4: 0.369 | G4: 10.228193 | H4: 11.622947 | I4: 0.2856585 | J4: 0.32461193 | K4: 0.17733325 | L4: open third for scale degree 4
A5: GEM-SC-F3 | B5: H4 | C5: front | D5: 7 | E5: 5 | F5: 0.316 | G5: 8.7591032 | H5: 9.9535263 | I5: 0.49135428 | J5: 0.55835714 | K5: 0.42247575 | L5: open fourth for scale degree 5
A6: GEM-SC-F3 | B6: H5 | C6: front | D6: 9 | E6: 7 | F6: 0.263 | G6: 7.2900131 | H6: 8.2841058 | I6: 0.57226424 | J6: 0.65030027 | K6: 0.53228608 | L6: open fifth for scale degree 6
A7: GEM-SC-F3 | B7: H6 | C7: front | D7: 11 | E7: 9 | F7: 0.21 | G7: 5.820923 | H7: 6.6146852 | I7: 0.66915525 | J7: 0.76040369 | K7: 0.67063844 | L7: open sixth for scale degree 7
A8: GEM-SC-F3 | B8: H7 | C8: front proximal | D8: 12 | E8: 11 | F8: 0.157 | G8: 4.3518329 | H8: 4.9452647 | I8: 0.47274821 | J8: 0.53721387 | K8: 0.39809969 | L8: open seventh for octave
A9: GEM-SC-F3 | B9: T1 | C9: back thumb | D9: 14 | E9: 12 | F9: 0.157 | G9: 4.3518329 | H9: 4.9452647 | I9: 0.85298676 | J9: 0.96930313 | K9: 0.94842598 | L9: opens to ninth or acts as high-note/tuning vent
A10: GEM-SC-C4 | B10: H1 | C10: front distal | D10: 2 | E10: 0 | F10: 0.479 | G10: 8.8615 | H10: 10.069886 | I10: 0.23473325 | J10: 0.26674233 | K10: 0.14246816 | L10: open first for scale degree 2
A11: GEM-SC-C4 | B11: H2 | C11: front | D11: 4 | E11: 2 | F11: 0.424 | G11: 7.844 | H11: 8.9136364 | I11: 0.26987981 | J11: 0.3066816 | K11: 0.17949864 | L11: open second for scale degree 3
A12: GEM-SC-C4 | B12: H3 | C12: front | D12: 5 | E12: 4 | F12: 0.369 | G12: 6.8265 | H12: 7.7573864 | I12: 0.19766682 | J12: 0.22462139 | K12: 0.10655272 | L12: open third for scale degree 4
A13: GEM-SC-C4 | B13: H4 | C13: front | D13: 7 | E13: 5 | F13: 0.316 | G13: 5.846 | H13: 6.6431818 | I13: 0.33448248 | J13: 0.38009373 | K13: 0.25384941 | L13: open fourth for scale degree 5
... A41: GEM-SC-F5 | B41: T1 | C41: back thumb | D41: 14 | E41: 12 | F41: 0.157 | G41: 1.0879582 | H41: 1.2363162 | I41: 0.21267378 | J41: 0.24167475 | K41: 0.17727588 | L41: opens to ninth or acts as high-note/tuning vent

Sheet Historical 4+T
A1: Instrument ID | B1: Hole | C1: Face | D1: Target interval semitones | E1: Prev interval | F1: Position pct | G1: Fired position in | H1: Master position in | I1: Fired diameter in | J1: Greenware drill start in | K1: Incremental conductance | L1: Notes
A2: GEM-HIST-G4 | B2: F1 | C2: front distal | D2: 2 | E2: 0 | F2: 0.43 | G2: 5.3093255 | H2: 6.0333245 | I2: 0.15936097 | J2: 0.18109201 | K2: 0.088816636 | L2: whole-tone hole
A3: GEM-HIST-G4 | B3: F2 | C3: front | D3: 4 | E3: 2 | F3: 0.34 | G3: 4.1980713 | H3: 4.7705356 | I3: 0.18280104 | J3: 0.20772846 | K3: 0.11190195 | L3: third hole
A4: GEM-HIST-G4 | B4: F3 | C4: front | D4: 5 | E4: 4 | F4: 0.27 | G4: 3.3337625 | H4: 3.7883665 | I4: 0.13454233 | J4: 0.15288901 | K4: 0.066426451 | L4: fourth hole; omit or wax for stricter 3-front interpretation
A5: GEM-HIST-G4 | B5: F4 | C5: front proximal | D5: 7 | E5: 5 | F5: 0.205 | G5: 2.5311901 | H5: 2.8763524 | I5: 0.22567495 | J5: 0.25644881 | K5: 0.15825325 | L5: fifth hole
A6: GEM-HIST-G4 | B6: T1 | C6: back thumb | D6: 12 | E6: 7 | F6: 0.205 | G6: 2.5311901 | H6: 2.8763524 | I6: 0.54448539 | J6: 0.61873339 | K6: 0.59972033 | L6: octave-area vent; tune empirically

Sheet Validation
A1: Check | B1: Formula/Target | C1: Notes
A2: A4 sanity | B2: =Inputs!B4 | C2: Should be 440 Hz
A3: C5 sanity | B3: =Inputs!B6 | C3: Should be 523.251 Hz
A4: Shrink master factor | B4: =1/(1-Inputs!B8) | C4: All master dimensions scale by this
A5: Soprano C target volume ml | B5: 71.553573 | C5: Generated value; compare to water-fill measurement
